{
    "int": [
        [
            971.5552543270877,
            0.0,
            650.585909505897
        ],
        [
            0.0,
            973.5099896458551,
            335.15844447606645
        ],
        [
            0.0,
            0.0,
            1.0
        ]
    ],
    "dist": [
        0.06132306811939838,
        -0.22291193861516526,
        -0.0025036344091349133,
        0.0017282332159370673,
        0.2860177952439796
    ],
    "ext_R": [
        [
            -0.9996371901487804,
            -0.012835461819414659,
            0.023679918688103797
        ],
        [
            -0.012201771802980205,
            0.9995683432426901,
            0.026713937216836858
        ],
        [
            -0.024012597450487484,
            0.02641530817310436,
            -0.9993623053769006
        ]
    ],
    "ext_T": [
        [
            0.7366045769794315
        ],
        [
            -0.5221530302017832
        ],
        [
            2.0994041003644517
        ]
    ]
}