{
    "int": [
        [
            773.324252696736,
            0.0,
            631.8150607615727
        ],
        [
            0.0,
            772.7344527851752,
            356.6175574261782
        ],
        [
            0.0,
            0.0,
            1.0
        ]
    ],
    "dist": [
        0.08741963444389793,
        -0.2157676520564515,
        -0.000753288271159536,
        0.0005052247596232423,
        0.09204359667183042
    ],
    "ext_R": [
        [
            -0.9985163411510487,
            0.010704406447623063,
            0.05330198717599336
        ],
        [
            0.0034847731959163943,
            0.9894196085333425,
            -0.13362753648722722
        ],
        [
            -0.054341262500015496,
            -0.1332435334740544,
            -0.9879889498044829
        ]
    ],
    "ext_T": [
        [
            0.8789585946467092
        ],
        [
            -0.4387224778333957
        ],
        [
            2.165746747328929
        ]
    ]
}