{
    "int": [
        [
            1028.3013815107245,
            0.0,
            652.5411181832442
        ],
        [
            0.0,
            1031.7775150240882,
            360.59847185226874
        ],
        [
            0.0,
            0.0,
            1.0
        ]
    ],
    "dist": [
        -0.3613204261981192,
        0.0623581447711523,
        3.1514815100998786e-06,
        0.001377441753622354,
        0.06861874837706798
    ],
    "ext_R": [
        [
            0.09638671141034277,
            -0.9941624402225834,
            0.04504846850922434
        ],
        [
            -0.993701674471305,
            -0.09351460320293584,
            0.061708419233109844
        ],
        [
            -0.057154037621363375,
            -0.05071261018619428,
            -0.9969144466172335
        ]
    ],
    "ext_T": [
        [
            -0.06501854534183756
        ],
        [
            0.46046233904772577
        ],
        [
            1.4187565651497511
        ]
    ]
}